id,name,variant,category,price_in_usd
0, Land & Sea Cotton Cap,Single Option Only,Apparel,14
1, KeepCup,Single Option Only,New,28
2, Land & Sea Nalgene Water Bottle,Single Option Only,Drinkware,20
3, Unisex Eco Tee Black, LG,Uncategorized Items,22
4, Chicago Campus Bottle,Single Option Only,Campus Collection,11
5, SF Campus Zip Hoodie, LG,Clearance,32
6, Chicago Campus Unisex Tee, MD,Campus Collection,14
7, SF Campus Unisex Tee, SM,Clearance,14
8, Unisex Joggers, LG,Shop by Brand,30
9,Mommy Works at  Book,Single Option Only,Small Goods,16
10,BLM Unisex Pullover Hoodie, MD,Black Lives Matter,46
11, See-No Hear-No Set,Single Option Only,Electronics Accessories,10
12, Sherpa Zip Hoodie Navy, MD,Apparel,55
13, Unisex Joggers, SM,Shop by Brand,37
14, Campus Bike Bottle,Single Option Only,Lifestyle,22
15, Sherpa Zip Hoodie Navy, LG,Apparel,55
16, Crewneck Sweatshirt Green, MD,Apparel,44
17, Mural Sticker Sheet,Single Option Only,Small Goods,3
18, F/C Longsleeve Charcoal, XS,Apparel,24
19, Speckled Beanie Navy,Single Option Only,New,16
20, NYC Campus Sticker,Single Option Only,Campus Collection,1
21, Campus Bike Tote Navy,Single Option Only,Bags,9
22, Infant Charcoal Onesie, 3/6 MONTHS,Apparel,20
23, Austin Campus Ladies Tee, LG,Campus Collection,14
24, Austin Campus Bottle,Single Option Only,Campus Collection,11
25, Crew Socks,Single Option Only,Apparel,13
26, Clear Framed Blue Shades,Single Option Only,Accessories,3
27, Sherpa Zip Hoodie Navy, SM,Apparel,55
28, Sherpa Zip Hoodie Navy, XL,Apparel,55
29, Zip Hoodie F/C, MD,Apparel,48
30, Speckled Beanie Grey,Single Option Only,New,16
31, Infant Hero Tee Olive, 3/6 MONTHS,Apparel,14
32, Infant Charcoal Onesie, 6/12 MONTHS,Apparel,20
33, Sunnyvale Campus Unisex Tee, MD,Campus Collection,14
34, Unisex Joggers, MD,Shop by Brand,30
35, SF Campus Ladies Tee, MD,Clearance,14
36,Womens  Striped LS, MD,Apparel,16
37, Unisex Eco Tee Black, SM,Uncategorized Items,18
38, Unisex Eco Tee Black, MD,Uncategorized Items,18
39, Sustainable Pencil Pouch,Single Option Only,Clearance,8
40, Heathered Pom Beanie,Single Option Only,New,12
41, Summer19 Crew Grey, LG,Apparel,35
42, Women's Microfleece Jacket Black, XL,Uncategorized Items,60
43, Recycled Writing Set,Single Option Only,Clearance,3
44, Mural Bottle,Single Option Only,Drinkware,19
45, SF Campus Bottle,Single Option Only,Campus Collection,11
46, LA Campus Bottle,Single Option Only,Campus Collection,11
47, Metallic Notebook Set,Single Option Only,Office,5
48, Clear Pen 4-Pack,Single Option Only,Office,3
49, Decal,Single Option Only,Stationery,1
50, Stylus Pen w/ LED Light,Single Option Only,Office,4
51, Crewneck Sweatshirt Green, LG,Apparel,44
52, Cork Base Tumbler,Single Option Only,New,22
53, Sherpa Zip Hoodie Navy, XS,Apparel,55
54, Campus Bike Eco Tee Navy, LG,Apparel,20
55, NYC Campus Mug,Single Option Only,Campus Collection,7
56, Camp Mug Ivory,Single Option Only,Drinkware,10
57, Tee Yellow, XS,Clearance,9
58, Utility BackPack,Single Option Only,Bags,96
59, Incognito Techpack V2,Single Option Only,Bags,70
60, Small Standard Journal Navy,Single Option Only,Lifestyle,5
61, Blue YoYo,Single Option Only,New,4
62, Mini Kick Ball,Single Option Only,Fun,2
63, Austin Campus Mug,Single Option Only,Campus Collection,7
64, Leather Strap Hat Black,Single Option Only,Apparel,14
65, Felt Refillable Journal,Single Option Only,Clearance,16
66, SM S/F18 Sticker Sheet,Single Option Only,Accessories,2
67, Iconic Sticker Sheet,Single Option Only,New,3
68, Pride Sticker,Single Option Only,Shop by Brand,1
69, Laptop and Cell Phone Stickers,Single Option Only,Google,3
70,Stan and Friends Tee Green, LG,Apparel,14
71, Techie 3D Framed Art,Single Option Only,Accessories,16
72, Super Hero 3D Framed Art,Single Option Only,Accessories,16
73, Garden Tee Orange, LG,Apparel,16
74, Leather Strap Hat Blue,Single Option Only,Apparel,14
75, Pen Lilac,Single Option Only,Stationery,1
76, Crew Combed Cotton Sock,Single Option Only,Apparel,14
77, Twill Sandwich Cap Black,Single Option Only,Apparel,10
78, PNW Campus Mug,Single Option Only,Campus Collection,7
79, Cambridge Campus Mug,Single Option Only,Campus Collection,7
80, Kirkland Campus Mug,Single Option Only,Campus Collection,7
81, Seattle Campus Mug,Single Option Only,Campus Collection,7
82, Campus Bike Grid Task Pad,Single Option Only,Office,10
83, Mountain View Campus Zip Hoodie, MD,Campus Collection,32
84, Pen Neon Coral,Single Option Only,Stationery,1
85, Sunnyvale Campus Tote,Single Option Only,Campus Collection,6
86, Magnet,Single Option Only,Accessories,6
87, Premium Sunglasses,Single Option Only,Accessories,11
88, Icon Tee Charcoal, MD,Apparel,22
89, Land & Sea French Terry Sweatshirt, LG,Shop by Brand,44
90, Cotopaxi Shell, XL,Apparel,38
91, Pen Citron,Single Option Only,Clearance,1
92, Large Standard Journal Grey,Single Option Only,Office,16
93, Pen Grass Green,Single Option Only,Stationery,2
94, Large Tote White,Single Option Only,Bags,10
95, Glass Bottle,Single Option Only,Lifestyle,18
96, 24 oz Ring Bottle Red,Single Option Only,Google,6
97, Red Speckled Tee, MD,Apparel,30
98, Toddler FC Tee Charcoal, 3T,Apparel,25
99, Heather Green Speckled Tee, LG,Apparel,24
100, Youth Badge Tee Olive, LG,Apparel,13
101, Split Seam Tee Olive, LG,Apparel,21
102, Unisex Eco Tee Black, XS,Uncategorized Items,18
103, Incognito Zip Pack,Single Option Only,Bags,61
104, Chicago Campus Lapel Pin,Single Option Only,Campus Collection,3
105, LoveHandle Black,Single Option Only,New,8
106, Blue Kids Sunglasses,Single Option Only,Accessories,4
107, Boulder Campus Sticker,Single Option Only,Campus Collection,1
108, Recycled Pen Black,Single Option Only,New,2
109, Pen Grey,Single Option Only,Office,2
110, Boulder Campus Mug,Single Option Only,Campus Collection,8
111, Canteen Bottle Black,Single Option Only,Drinkware,24
112, Pen White,Single Option Only,Office,2
113, Cork Card Holder,Single Option Only,Accessories,17
114, Light Pen Blue,Single Option Only,Writing Instruments,2
115, Journal,Single Option Only,Stationery,6
116, Land & Sea Journal Set,Single Option Only,New,12
117, Mural Sticky Note Pad,Single Option Only,Office,11
118, Confetti Task Pad,Single Option Only,Office,6
119, Mural Notebook,Single Option Only,Office,15
120, Pen,Single Option Only,Writing Instruments,14
121, Blue Stojo Cup,Single Option Only,Shop by Brand,25
122, Campus Bike,Single Option Only,Accessories,40
123, Emoji Magnet Set,Single Option Only,Small Goods,10
124,Noogler  Figure,Single Option Only,Accessories,16
125, Utensil Set,Single Option Only,New,15
126, Keychain,Single Option Only,Small Goods,8
127, Cloud Pen,Single Option Only,Shop by Brand,3
128, Heather Green Speckled Tee, SM,Apparel,24
129,Womens  Striped LS, SM,Apparel,16
130, Campus Bike Eco Tee Navy, 2XL,Apparel,25
131, Navy Speckled Tee, MD,Apparel,24
132, Standards Zip Hoodie Black, MD,Apparel,60
133, Pocket Tee Green, LG,Apparel,29
134, PNW Campus Unisex Tee, SM,Clearance,14
135, NYC Campus Bottle,Single Option Only,Campus Collection,11
136, F/C Longsleeve Ash, XL,Apparel,24
137, Icon Tee Charcoal, 3XL,Apparel,22
138, Jotter Task Pad,Single Option Only,Shop by Brand,2
139, Navy Speckled Tee, SM,Apparel,24
140, Badge Heavyweight Pullover Black, XS,Apparel,46
141, Men's Tech Fleece Grey, XL,Apparel,71
142, Badge Heavyweight Pullover Black, XL,Apparel,46
143, Crewneck Sweatshirt Navy, MD,Apparel,44
144, Iconic Socks,Single Option Only,New,17
145, Garden Tee Orange, XL,Apparel,20
146, Badge Heavyweight Pullover Black, LG,Apparel,46
147, Dino Game Tee, XL,Apparel,32
148, Campus Bike Corkbase Mug Blue,Single Option Only,Lifestyle,14
149, F/C Longsleeve Charcoal, SM,Apparel,30
150, F/C Longsleeve Charcoal, LG,Apparel,24
151, Infant Charcoal Onesie, 18/24 MONTHS,Apparel,20
152, F/C Longsleeve Ash, MD,Apparel,24
153, Leather Strap Hat Black,Single Option Only,Apparel,12
154, Pocket Tee Navy, MD,Apparel,29
155,Youth Jumbo Print Tee White, MD,Apparel,18
156, Toddler FC Zip Hoodie, LG,Apparel,28
157, Pocket Onesie Navy, 12/18 MONTHS,Apparel,18
158, NYC Campus Zip Hoodie, MD,Campus Collection,32
159, PNW Campus Zip Hoodie, LG,Clearance,32
160, Pocket Toddler Tee Navy, 4T,Apparel,18
161, Toddler FC Zip Hoodie, MD,Apparel,28
162, Cork Passport Holder,Single Option Only,Accessories,16
163, 24oz Ring Bottle Blue,Single Option Only,Google,7
164, Women's Puff Jacket Black, MD,Apparel,115
165, Thermal Tumbler Navy,Single Option Only,Drinkware,18
166, Iconic Mug Gray,Single Option Only,New,17
167, Black Cork Journal,Single Option Only,New,12
168,Maze Pen,Single Option Only,Office,1
169, F/C Longsleeve Charcoal, XL,Apparel,24
170, Woodtop Bottle Black,Single Option Only,New,24
171, F/C Longsleeve Ash, SM,Apparel,24
172, Toddler Hero Tee Black, 2T,Apparel,13
173, Crew Socks,Single Option Only,Apparel,13
174, Buoy Bottle,Single Option Only,Drinkware,4
175, Camp Mug Gray,Single Option Only,Shop by Brand,10
176, Women's Puff Jacket Black, XL,Apparel,92
177, Youth FC Longsleeve Charcoal, MD,Apparel,24
178, Crewneck Sweatshirt Navy, SM,Apparel,44
179, Cotopaxi Shell, SM,Apparel,38
180,Stainless Straight Straw/Cleaner,Single Option Only,New,3
181, Water Bottle,Single Option Only,Drinkware,12
182, Women's Grid Zip-Up, SM,Apparel,63
183, Mural Socks,Single Option Only,New,12
184, Iconic Hat Green,Single Option Only,New,13
185, Perk Thermal Tumbler,Single Option Only,Lifestyle,16
186, Frisbee,Single Option Only,Shop by Brand,1
187,  Tumbler (Blue Lid),Single Option Only,Lifestyle,22
188, Beekeepers Tee Mint, MD,Apparel,14
189, Raincoat Navy, MD,Apparel,96
190, Unisex T-Shirt, MD,Apparel,10
191, Bot,Single Option Only,Accessories,8
192, Youth Badge Tee Olive, SM,Apparel,13
193, Beekeepers Toddler Tee Pink, 3T,Apparel,14
194, LA Campus Mug,Single Option Only,Campus Collection,7
195, Boulder Campus Tote,Single Option Only,Campus Collection,6
196,Unisex  Pocket Tee Grey, 2XL,Apparel,16
197, Beekeepers Tee Mint, 2XL,Apparel,14
198, F/C Longsleeve Ash, LG,Apparel,24
199, Unisex T-Shirt, 2XL,Apparel,10
200, Men's Tech Fleece Grey, LG,Apparel,71
201, Sunnyvale Campus Bottle,Single Option Only,Campus Collection,11
202, SF Campus Tote,Single Option Only,Campus Collection,6
203, Unisex T-Shirt, XL,Apparel,10
204, Sunnyvale Campus Mug,Single Option Only,Campus Collection,7
205, Mens Microfleece Jacket Black, 2XL,Uncategorized Items,42
206, Cotopaxi Shell, LG,Apparel,38
207, Summer19 Crew Grey, XL,Apparel,35
208, Large Trace Journal Black,Single Option Only,Notebooks & Journals,8
209,Stan and Friends Onesie Green, 6/12 MONTHS,Apparel,14
210, Black Cloud Zip Hoodie, MD,Apparel,55
211, Black Cloud Zip Hoodie, LG,Apparel,69
212, Beekeepers Onesie Pink, NEWBORN,Apparel,14
213, Bear Baby Blanket Beige,Single Option Only,Shop by Brand,19
214, Women's Tech Fleece Vest Charcoal, LG,Apparel,44
215, 25 oz Gear Cap Bottle Black,Single Option Only,Drinkware,27
216, Icon Tee Charcoal, XL,Apparel,22
217, Youth FC Zip Hoodie, SM,Apparel,36
218, Pocket Onesie Navy, 18/24 MONTHS,Apparel,18
219, Crewneck Sweatshirt Green, SM,Apparel,44
220, Unisex T-Shirt, XS,Apparel,10
221, Crewneck Sweatshirt Grey, XS,Uncategorized Items,44
222, Zip Hoodie F/C, 2XL,Apparel,48
223, Red Speckled Tee, XL,Apparel,24
224, Black Cloud Zip Hoodie, SM,Apparel,55
225, Bot (Multicolored),Single Option Only,Lifestyle,8
226, Mural Mug,Single Option Only,Drinkware,14
227, Chrome Dino Light Up Water Bottle,Single Option Only,Shop by Brand,19
228, Sunnyvale Campus Ladies Tee, MD,Campus Collection,14
229, Sherpa Zip Hoodie Charcoal, MD,Apparel,55
230, Clear Framed Yellow Shades,Single Option Only,Accessories,3
231, Crewneck Sweatshirt Green, XL,Apparel,44
232, Twill Cap Charcoal,Single Option Only,Apparel,10
233, Youth Badge Tee Navy, LG,Apparel,13
234, Women's Discovery Lt. Rain Shell, XL,Apparel,49
235, Split Seam Tee Olive, XL,Apparel,21
236,Flamingo and Friends Tee Blue, SM,Apparel,16
237, Men's Tech Fleece Grey, SM,Apparel,71
238, Flex Journal White,Single Option Only,Office,2
239, Women's Microfleece Jacket Black, SM,Uncategorized Items,75
240, Yellow YoYo,Single Option Only,New,3
241, Tudes Recycled Tee, MD,Apparel,24
242, Mouse Pad Navy,Single Option Only,Accessories,4
243, Knit Blanket,Single Option Only,Lifestyle,70
244, Phone Stand Bamboo,Single Option Only,Small Goods,4
245, Men's Softshell Moss, LG,Apparel,79
246, Chrome Dinosaur Collectible,Single Option Only,Accessories,24
247, Unisex Eco Tee Black, XL,Uncategorized Items,18
248, Beekeepers Toddler Tee Pink, 5/6T,Apparel,14
249, Beekeepers Youth Tee Pink, SM,Apparel,14
250, Beekeepers Youth Tee Pink, MD,Apparel,14
251, Beekeepers Onesie Pink, 12M,Apparel,14
252, Iconic Hat Black,Single Option Only,Clearance,9
253, Cotopaxi Shell, XS,Apparel,38
254, Iconic Crewneck Sweatshirt, XS,Apparel,44
255, NYC Campus Zip Hoodie, LG,Campus Collection,32
256, Light Pen Red,Single Option Only,Writing Instruments,2
257, Pocket Youth Tee Green, MD,Apparel,20
258, LA Campus Unisex Tee, LG,Clearance,14
259, Mountain View Campus Unisex Tee, SM,Campus Collection,14
260, Sherpa Zip Hoodie Charcoal, XL,Apparel,55
261, Crewneck Sweatshirt Green, XS,Apparel,44
262, Small Cable Organizer Blue,Single Option Only,Accessories,2
263, Mountain View Campus Sticker,Single Option Only,Campus Collection,1
264, Toddler FC Zip Hoodie, SM,Apparel,35
265, Cotopaxi Shell, MD,Apparel,38
266, Zip Hoodie F/C, XS,Apparel,48
267, Sherpa Zip Hoodie Charcoal, XS,Apparel,55
268, Cambridge Campus Lapel Pin,Single Option Only,Campus Collection,3
269, NYC Campus Lapel Pin,Single Option Only,Campus Collection,3
270, Campus Bike Mini Backpack,Single Option Only,Lifestyle,32
271, Dino Game Tee, SM,Apparel,32
272, Campus Bike Eco Tee Navy, XS,Apparel,20
273, F/C Longsleeve Charcoal, MD,Apparel,24
274, Red Speckled Tee, SM,Apparel,24
275, Icon Tee Grey, LG,Apparel,18
276, Shoreline Water Bottle,Single Option Only,Shop by Brand,26
277, Large Pet Leash (Red/Yellow),Single Option Only,Accessories,35
278, Cup Cap Tumbler Grey,Single Option Only,New,24
279, Badge Heavyweight Pullover Black, 3XL,Apparel,46
280, Sherpa Zip Hoodie Charcoal, LG,Apparel,55
281, Emoji Sticker Pack,Single Option Only,Accessories,4
282, Women's Black Tee, 2XL,Apparel,15
283, Cambridge Campus Bottle,Single Option Only,Campus Collection,11
284, Cambridge Campus Tote,Single Option Only,Campus Collection,6
285, Cambridge Campus Sticker,Single Option Only,Campus Collection,1
286, Medium Pet Leash (Red/Yellow),Single Option Only,Accessories,28
287, Large Removable Sticker Sheet,Single Option Only,Accessories,2
288, Iconic 4&quot; Decal,Single Option Only,New,1
289, Medium Pet Collar (Red/Yellow),Single Option Only,Accessories,28
290,Supernatural Paper Lunch Sack,Single Option Only,Eco-Friendly,19
291,Unisex  Pocket Tee Grey, XL,Apparel,16
292, Sunglasses, RED,Uncategorized Items,4
293, Sunnyvale Campus Sticker,Single Option Only,Campus Collection,1
294, LA Campus Tote,Single Option Only,Campus Collection,6
295, Chicago Campus Mug,Single Option Only,Campus Collection,7
296, LA Campus Lapel Pin,Single Option Only,Campus Collection,3
297, Striped Penny Pouch,Single Option Only,Bags,2
298, Cotopaxi Shell, 2XL,Apparel,38
299, Packable Bag Black,Single Option Only,Bags,16
300, Men's Puff Jacket Black, XL,Apparel,92
301, Sherpa Vest Black, 2XL,Apparel,63
302, Men's Softshell Moss, 3XL,Apparel,79
303, Land & Sea French Terry Sweatshirt, 3XL,Shop by Brand,44
304, Sunglasses, GREEN,Uncategorized Items,3
305, Zip Hoodie F/C, XL,Apparel,48
306, Sunglasses, BLUE,Uncategorized Items,3
307, Color Block Notebook,Single Option Only,Stationery,12
308, Pocket Tee Green, MD,Apparel,29
309, PNW Campus Unisex Tee, MD,Clearance,14
310,Flamingo and Friends Tee Blue, MD,Apparel,16
311,  Tumbler (Red Lid),Single Option Only,Lifestyle,22
312, Light Pen Green,Single Option Only,Writing Instruments,2
313, Small Trace Journal Black,Single Option Only,Notebooks & Journals,5
314, Land & Sea Tech Taco,Single Option Only,Shop by Brand,3
315, Utility Bag Grey,Single Option Only,Bags,6
316, Flat Front Bag Grey,Single Option Only,Bags,30
317, LA Campus Unisex Tee, 2XL,Clearance,18
318, Tech Taco,Single Option Only,New,3
319, Iconic Play Pin,Single Option Only,New,6
320, Pen Red,Single Option Only,Stationery,1
321, Pen Bright Blue,Single Option Only,Stationery,1
322, Aluminum Bottle Red,Single Option Only,Shop by Brand,6
323, Men's Softshell Moss, SM,Apparel,79
324, Women's Puff Jacket Black, LG,Apparel,92
325, Land & Sea Mug,Single Option Only,Shop by Brand,14
326, Men's Tech Fleece Vest Charcoal, MD,Apparel,63
327, Men's Puff Jacket Black, MD,Apparel,92
328, Women's Softshell Moss, LG,Apparel,79
329, PNW Campus Zip Hoodie, XL,Clearance,32
330, Unisex T-Shirt, SM,Apparel,10
331, Austin Campus Zip Hoodie, LG,Campus Collection,32
332, Crewneck Sweatshirt Grey, XL,Uncategorized Items,44
333, Incognito Dopp Kit V2,Single Option Only,Bags,38
334, Men's Softshell Moss, MD,Apparel,79
335,BLM Unisex Pullover Hoodie, 3XL,Black Lives Matter,58
336, Pocket Tee Navy, LG,Apparel,23
337, Sunnyvale Campus Ladies Tee, SM,Campus Collection,14
338, Pocket Youth Tee Green, XS,Apparel,20
339, Pocket Youth Tee Navy, MD,Apparel,20
340, Large Pet Collar (Blue/Green),Single Option Only,Accessories,28
341, Iconic Hat White,Single Option Only,New,13
342, LA Campus Zip Hoodie, MD,Clearance,32
343, Sunnyvale Campus Zip Hoodie, SM,Campus Collection,32
344, Mountain View Campus Zip Hoodie, XL,Campus Collection,32
345, PNW Campus Zip Hoodie, MD,Clearance,32
346, Soft Modal Scarf,Single Option Only,Apparel,45
347, Clear Framed Gray Shades,Single Option Only,Accessories,3
348, Raincoat Navy, LG,Apparel,96
349, Cork Journal,Single Option Only,New,7
350, Toddler FC Tee Charcoal, 4T,Apparel,20
351, Red Speckled Tee, LG,Apparel,24
352, Iconic Crewneck Sweatshirt, LG,Apparel,44
353, SF Campus Ladies Tee, LG,Clearance,14
354, Austin Campus Tote,Single Option Only,Campus Collection,8
355, Crewneck Sweatshirt Grey, 2XL,Uncategorized Items,44
356, Iconic Crewneck Sweatshirt, SM,Apparel,44
357, F/C Longsleeve Ash, XS,Apparel,24
358, Crew Striped Athletic Sock,Single Option Only,Apparel,14
359, Icon Tee Grey, SM,Apparel,18
360, Seattle Campus Sticker,Single Option Only,Campus Collection,1
361, Zip Hoodie F/C, SM,Apparel,60
362, LA Campus Sticker,Single Option Only,Campus Collection,1
363, Toddler FC Tee Charcoal, 5T,Apparel,20
364, Toddler FC Tee Charcoal, 2T,Apparel,20
365, Confetti Accessory Pouch,Single Option Only,Bags,10
366, Toddler Tee White, 5/6T,Apparel,19
367,Youth Jumbo Print Tee White, LG,Apparel,14
368,Stan and Friends Youth Tee Green, MD,Apparel,14
369, Tote,Single Option Only,Bags,6
370, Unisex Hoodie, MD,Apparel,26
371, Land & Sea Tote Bag,Single Option Only,Bags,16
372, Women's Discovery Lt. Rain Shell, 2XL,Apparel,49
373, Cork Key Ring,Single Option Only,Accessories,7
374, PNW Campus Tote,Single Option Only,Campus Collection,6
375, Iconic Crewneck Sweatshirt, MD,Apparel,44
376,Keyboard DOT Sticker,Single Option Only,Office,2
377, Geek Pin,Single Option Only,Accessories,4
378, Hemp Tote,Single Option Only,Clearance,12
379, Red YoYo,Single Option Only,New,3
380, Iconic Beanie,Single Option Only,New,8
381, Felt Luggage Tag,Single Option Only,Clearance,6
382, Red Kids Sunglasses,Single Option Only,Accessories,4
383, Tee Red, XS,Clearance,9
384, Tee Green, XS,Clearance,9
385, Iconic Pen,Single Option Only,New,2
386, Lumberjack Pin,Single Option Only,Accessories,4
387, Youth Badge Tee Olive, MD,Apparel,13
388, Lapel Pin,Single Option Only,New,8
389, Women's Grid Zip-Up, XL,Apparel,50
390, Men's Puff Jacket Black, LG,Apparel,92
391, Mountain View Campus Ladies Tee, MD,Campus Collection,14
392, F/C Longsleeve Ash, 2XL,Apparel,24
393, Mountain View Campus Ladies Tee, SM,Campus Collection,14
394, Beekeepers Tee Mint, XS,Apparel,14
395, Sherpa Vest Black, LG,Apparel,63
396, Garden Tee Orange, SM,Apparel,16
397, Toddler Tee White, 2T,Apparel,19
398, Jotter Task Pad,Single Option Only,Shop by Brand,2
399, Iconic Pin,Single Option Only,New,3
400, Ladies T-Shirt, MD,Apparel,10
401, Land & Sea Women's Eco Tee, SM,Apparel,20
402, SF Campus Unisex Tee, MD,Clearance,14
403,Daddy Works at  Book,Single Option Only,Small Goods,16
404, Cork Pencil Pouch,Single Option Only,New,8
405,Supernatural Paper Backpack,Single Option Only,Bags,58
406, Chicago Campus Unisex Tee, LG,Campus Collection,14
407, Boulder Campus Unisex Tee, LG,Clearance,14
408, Kirkland Campus Unisex Tee, LG,Clearance,14
409, NYC Campus Ladies Tee, SM,Campus Collection,14
410, Icon Tee Grey, MD,Apparel,18
411, ApPeel Journal Red,Single Option Only,New,15
412, Austin Campus Zip Hoodie, XL,Campus Collection,32
413, Zip Hoodie F/C, LG,Apparel,48
414,Mural Food Container,Single Option Only,Lifestyle,33
415, Incognito Flap Pack,Single Option Only,Bags,60
416, Sunnyvale Campus Ladies Tee, LG,Campus Collection,14
417, Land & Sea Women's Eco Tee, LG,Apparel,20
418, Cambridge Campus Ladies Tee, MD,Campus Collection,14
419, 16 oz Tumbler Blue,Single Option Only,Drinkware,10
420, Youth Hero Tee Grey, SM,Apparel,19
421, NYC Campus Ladies Tee, MD,Campus Collection,18
422,Supernatural Paper Tote,Single Option Only,Bags,28
423, Iconic Backpack,Single Option Only,New,25
424, Raincoat Navy, 2XL,Apparel,120
425, Heather Green Speckled Tee, XL,Apparel,21
426, Icon Tee Grey, 2XL,Apparel,22
427, Pocket Tee Green, 2XL,Apparel,29
428, Garden Tee Orange, 2XL,Apparel,20
429, SF Campus Mug,Single Option Only,Campus Collection,7
430, Chicago Campus Tote,Single Option Only,Campus Collection,6
431, Chicago Campus Ladies Tee, MD,Campus Collection,14
432,Candy Cane  Cardboard Sculpture,Single Option Only,Accessories,8
433, Iconic Glass Bottle Green,Single Option Only,Clearance,13
434, Incognito Messenger Bag,Single Option Only,Bags,60
435,Stan and Friends Onesie Green, 3/6 MONTHS,Apparel,14
436, Black Cloud Zip Hoodie, XL,Apparel,55
437, Confetti Pen White,Single Option Only,Office,2
438, Toddler Hero Tee Olive, 2T,Apparel,19
439, Toddler Tee White, 3T,Apparel,19
440, Kirkland Campus Ladies Tee, MD,Clearance,14
441, Seattle Campus Ladies Tee, SM,Clearance,14
442,Womens  Striped LS, LG,Apparel,16
443, PNW Campus Sticker,Single Option Only,Campus Collection,1
444, Crewneck Sweatshirt Navy, XL,Apparel,44
445, Black Cloud Zip Hoodie, 3XL,Apparel,55
446, Jotter Task Pad,Single Option Only,Shop by Brand,2
447, Laptop Sleeve Charcoal,Single Option Only,Accessories,16
448, Men's Tech Fleece Grey, MD,Apparel,89
449, Dino Game Tee, XS,Apparel,32
450, Large White Gift Bag 5/PK,Single Option Only,New,10
451, Women's Tech Fleece Vest Charcoal, MD,Apparel,44
452, Youth FC Tee Charcoal, SM,Apparel,20
453, Youth FC Tee Charcoal, MD,Apparel,20
454, Unisex Joggers, XS,Shop by Brand,37
455,Youth Jumbo Print Tee White, XL,Apparel,18
456, Women's Tech Fleece Grey, SM,Apparel,89
457, Badge Heavyweight Pullover Black, MD,Apparel,46
458, Iconic Crewneck Sweatshirt, XL,Apparel,44
459, Unisex Joggers, XL,Shop by Brand,30
460, Pocket Onesie Navy, 6/12 MONTHS,Apparel,22
461, Sunnyvale Campus Ladies Tee, XL,Campus Collection,14
462, Crewneck Sweatshirt Navy, LG,Apparel,44
463, Youth Badge Tee Olive, XL,Apparel,13
464, Infant Charcoal Onesie, 12/18 MONTHS,Apparel,20
465, Tee Grey, 3XL,Uncategorized Items,9
466, Sunnyvale Campus Zip Hoodie, LG,Campus Collection,32
467, Austin Campus Zip Hoodie, SM,Campus Collection,32
468,Unisex  Pocket Tee Grey, LG,Apparel,20
469, Women's Grid Zip-Up, MD,Apparel,50
470, Women's Grid Zip-Up, XS,Apparel,50
471, Women's Tech Fleece Grey, LG,Apparel,71
472, Sherpa Zip Hoodie Navy, 2XL,Apparel,55
473, Crewneck Sweatshirt Green, 2XL,Apparel,44
474, Campus Bike Carry Pouch,Single Option Only,Bags,8
475, Crewneck Sweatshirt Grey, LG,Uncategorized Items,44
476, Tee Blue, XS,Uncategorized Items,9
477, Recycled Notebook Set Natural,Single Option Only,Office,13
478, Cloth & Pouch Black,Single Option Only,Accessories,3
479,Unisex  Pocket Tee Grey, SM,Apparel,16
480, Kirkland Campus Ladies Tee, SM,Clearance,14
481, Mesh Bag Blue,Single Option Only,Bags,6
482, Mesh Bag Red,Single Option Only,Bags,6
483,Stan and Friends Tee Green, XS,Apparel,14
484,Stan and Friends Tee Green, MD,Apparel,14
485,Stan and Friends Toddler Tee Green, 5/6T,Apparel,14
486, Recycled Pen Green,Single Option Only,New,2
487, Split Seam Tee Olive, SM,Apparel,21
488, Youth FC Tee Charcoal, LG,Apparel,20
489, Infant Hero Tee Olive, 6/12 MONTHS,Apparel,14
490,Gift Card - $25.00,Single Option Only,Gift Cards,25
491, Icon Tee Grey, XL,Apparel,22
492, Zip Hoodie F/C, 3XL,Apparel,48
493, Maps Pin,Single Option Only,New,7
494, SF Campus Unisex Tee, XS,Clearance,18
495, Play Mug,Single Option Only,Lifestyle,13
496, Incognito Laptop Organizer,Single Option Only,Bags,45
497, Seaport Tote,Single Option Only,New,48
498, Standards Zip Hoodie Black, XL,Apparel,60
499, Dino Game Tee, LG,Apparel,32
500, Cambridge Campus Unisex Tee, MD,Campus Collection,14
501, Infant Hero Tee Olive, 12/18 MONTHS,Apparel,14
502, Medium Pet Collar (Blue/Green),Single Option Only,Accessories,28
503, Unisex Hoodie, SM,Apparel,26
504, Cambridge Campus Zip Hoodie, MD,Campus Collection,41
505, Pocket Tee Navy, XL,Apparel,23
506, Cambridge Campus Zip Hoodie, XL,Campus Collection,32
507, NYC Campus Ladies Tee, XL,Campus Collection,14
508,Stan and Friends Toddler Tee Green, 2T,Apparel,18
509, Austin Campus Unisex Tee, SM,Campus Collection,14
510, Felt Strap Keyring,Single Option Only,New,10
511, Women's Kirkland Pullover, XS,Apparel,35
512,Womens  Striped LS, XS,Apparel,16
513, Infant Hero Onesie Grey, 18/24 MONTHS,Apparel,18
514, Ladies T-Shirt, LG,Apparel,10
515, Sherpa Zip Hoodie Charcoal, SM,Apparel,55
516, Women's Favorite Tee White, 2XL,Uncategorized Items,9
517, Crewneck Sweatshirt Navy, 2XL,Apparel,44
518, Land & Sea French Terry Sweatshirt, XS,Shop by Brand,44
519, Unisex Hoodie, XL,Apparel,26
520, Unisex Hoodie, LG,Apparel,26
521, Youth Hero Tee Grey, MD,Apparel,19
522, Lapel Pin,Single Option Only,Lifestyle,2
523, Small White Gift Bag 5/PK,Single Option Only,New,6
524, Women's Grid Zip-Up, 2XL,Apparel,50
525, Iconic Notebook,Single Option Only,New,17
526, Transmission Journal Red,Single Option Only,Office,16
527, Seattle Campus Lapel Pin,Single Option Only,Campus Collection,3
528, Confetti Slim Task Pad,Single Option Only,Office,3
529, PNW Campus Lapel Pin,Single Option Only,Campus Collection,3
530, Kirkland Campus Sticker,Single Option Only,Campus Collection,1
531, Bellevue Campus Sticker,Single Option Only,Campus Collection,1
532, Youth Hero Tee Maroon, MD,Apparel,19
533, Youth Badge Tee Navy, SM,Apparel,13
534, Tonal Tee Coral, XS,Uncategorized Items,9
535, LA Campus Zip Hoodie, LG,Clearance,32
536, LA Campus Ladies Tee, SM,Clearance,18
537, Women's Tech Fleece Grey, MD,Apparel,71
538, Beekeepers Tee Mint, SM,Apparel,14
539, Pocket Toddler Tee Navy, 2T,Apparel,18
540, Black Cloud Zip Hoodie, 2XL,Apparel,55
541, Summer19 Crew Grey, 2XL,Apparel,43
542, Sherpa Vest Black, XL,Apparel,79
543, Split Seam Tee Olive, MD,Apparel,21
544, Youth F/C Pullover Hoodie, MD,Apparel,32
545, Youth Hero Tee Grey, XL,Apparel,24
546,Stan and Friends Toddler Tee Green, 3T,Apparel,14
547,Stan and Friends Onesie Green, 12/18 MONTHS,Apparel,14
548, Ladies T-Shirt, XL,Apparel,10
549, Austin Campus Zip Hoodie, MD,Campus Collection,32
550, Pocket Onesie White, 18/24 MONTHS,Apparel,18
551, Mountain View Campus Zip Hoodie, LG,Campus Collection,41
552, NYC Campus Zip Hoodie, XL,Campus Collection,41
553, Navy Speckled Tee, XL,Apparel,24
554, Land & Sea Women's Eco Tee, XL,Apparel,20
555, Men's Softshell Moss, 2XL,Apparel,79
556, Icon Tee Charcoal, 2XL,Apparel,18
557, Ladies T-Shirt, 2XL,Apparel,10
558, Women's Puff Jacket Black, SM,Apparel,92
559, Land & Sea French Terry Sweatshirt, XS,Shop by Brand,44
560, Land & Sea French Terry Sweatshirt, XL,Shop by Brand,44
561, Tee F/C Black, 3XL,Uncategorized Items,18
562,Snowflake  Cardboard Sculpture,Single Option Only,Accessories,10
563, Campus Bike Eco Tee Navy, XL,Apparel,20
564, Boulder Campus Zip Hoodie, MD,Clearance,32
565, Kirkland Campus Unisex Tee, SM,Clearance,14
566, Sherpa Zip Hoodie Charcoal, 2XL,Apparel,55
567, Unisex Eco Tee Black, 3XL,Uncategorized Items,18
568, Men's Softshell Moss, XL,Apparel,79
569, Men's Discovery Lt. Rain Shell, 2XL,Uncategorized Items,62
570, Raincoat Navy, XL,Apparel,120
571, Badge Heavyweight Pullover Black, SM,Apparel,46
572, Beekeepers Toddler Tee Pink, 2T,Apparel,14
573, Hipster Pin,Single Option Only,Accessories,4
574, Beekeepers Onesie Pink, 18M,Apparel,14
575, Tonal Tee Spearmint, XS,Uncategorized Items,9
576, Women's Grid Zip-Up, LG,Apparel,63
577, Men's Tech Fleece Vest Charcoal, SM,Apparel,63
578, Unisex T-Shirt, LG,Apparel,10
579, Seattle Campus Ladies Tee, LG,Clearance,14
580, Kirkland Campus Unisex Tee, MD,Clearance,14
581, Red Speckled Tee, 2XL,Apparel,24
582, Toddler Tee White, 4T,Apparel,19
583, Cork Tablet Case,Single Option Only,Accessories,17
584, Pocket Tee Navy, 2XL,Apparel,23
585, Tudes Recycled Tee, XL,Apparel,24
586, Crewneck Sweatshirt Navy, XS,Apparel,44
587, Youth FC Longsleeve Charcoal, SM,Apparel,24
588, Toddler Hero Tee Black, 5/6T,Apparel,13
589, Youth FC Longsleeve Charcoal, LG,Apparel,30
590, Large Pet Leash (Blue/Green),Single Option Only,Accessories,28
591,Stan and Friends Toddler Tee Green, 4T,Apparel,14
592, Toddler Hero Tee Olive, 4T,Apparel,19
593, Icon Tee Charcoal, SM,Apparel,22
594, Men's Tech Fleece Grey, 2XL,Apparel,71
595, F/C Longsleeve Charcoal, 2XL,Apparel,24
596, Toddler Hero Tee Black, 3T,Apparel,13
597, Pocket Toddler Tee Navy, 3T,Apparel,18
598, SF Campus Lapel Pin,Single Option Only,Campus Collection,3
599, Mural Tote,Single Option Only,Bags,14
600, Totepak,Single Option Only,New,19
601, NYC Campus Zip Hoodie, SM,Campus Collection,32
602, Badge Heavyweight Pullover Black, 2XL,Apparel,46
603, Women's Puff Jacket Black, 2XL,Apparel,92
604, Youth Hero Tee Maroon, XL,Apparel,19
605, Youth FC Tee Charcoal, XL,Apparel,20
606, Mountain View Campus Zip Hoodie, XS,Campus Collection,32
607, LA Campus Zip Hoodie, XS,Clearance,32
608, Mountain View Campus Ladies Tee, 2XL,Campus Collection,18
609, Red Speckled Tee, XS,Apparel,24
610, Austin Campus Lapel Pin,Single Option Only,Campus Collection,3
611, Garden Tee Orange, MD,Apparel,16
612, Chicago Campus Zip Hoodie, MD,Campus Collection,32
613, Youth Badge Tee Navy, MD,Apparel,13
614, Beekeepers Toddler Tee Pink, 4T,Apparel,14
615, Boulder Campus Bottle,Single Option Only,Campus Collection,11
616, SF Campus Zip Hoodie, MD,Clearance,41
617, NYC Campus Ladies Tee, LG,Campus Collection,14
618, NYC Campus Unisex Tee, SM,Campus Collection,14
619, Youth Hero Tee Grey, LG,Apparel,24
620, Women's Softshell Moss, MD,Apparel,79
621, Boulder Campus Unisex Tee, MD,Clearance,14
622, Land & Sea French Terry Sweatshirt, XL,Shop by Brand,44
623, Mountain View Campus Ladies Tee, XL,Campus Collection,14
624, Tee Mint Green, 3XL,Apparel,14
625, Boulder Campus Ladies Tee, LG,Clearance,14
626, Boulder Campus Zip Hoodie, XL,Clearance,32
627, Sunnyvale Campus Zip Hoodie, XS,Campus Collection,32
628, PNW Campus Zip Hoodie, SM,Clearance,32
629, Toddler Hero Tee Olive, 3T,Apparel,19
630, Pocket Toddler Tee Navy, 5/6T,Apparel,18
631, Toddler Hero Tee Olive, 5/6T,Apparel,19
632,Stan and Friends Youth Tee Green, XL,Apparel,14
633, Boulder Campus Ladies Tee, SM,Clearance,14
634,Stan and Friends Youth Tee Green, LG,Apparel,14
635, Men's Puff Jacket Black, 2XL,Apparel,92
636,Flamingo and Friends Tee Blue, 2XL,Apparel,16
637, Medium Pet Leash (Blue/Green),Single Option Only,Accessories,28
638, Men's Puff Jacket Black, 3XL,Apparel,115
639, Sherpa Vest Black, SM,Apparel,63
640,Essential Canvas Tote,Single Option Only,New,32
641, Tudes Thermal Bottle,Single Option Only,Drinkware,40
642, Heather Green Speckled Tee, 2XL,Apparel,21
643, Tee Grey, XS,Uncategorized Items,11
644, Crewneck Sweatshirt Green, 3XL,Apparel,44
645, Women's Tech Fleece Vest Charcoal, SM,Apparel,44
646, Small Sticker Sheet,Single Option Only,Accessories,2
647, Large Pet Collar (Red/Yellow),Single Option Only,Accessories,35
648, Unisex Joggers, 2XL,Shop by Brand,37
649, Men's Tech Fleece Vest Charcoal, LG,Apparel,79
650, Pocket Onesie Navy, 3/6 MONTHS,Apparel,18
651, Crewneck Sweatshirt Grey, MD,Uncategorized Items,44
652, Tee Mint Green, XS,Apparel,14
653, Women's Softshell Moss, SM,Apparel,79
654, Icon Tee Charcoal, XS,Apparel,22
655, Women's Tech Fleece Grey, XL,Apparel,71
656, Chicago Campus Zip Hoodie, LG,Campus Collection,32
657, Cambridge Campus Zip Hoodie, LG,Campus Collection,32
658, Sunnyvale Campus Zip Hoodie, XL,Campus Collection,32
659, Men's Tech Fleece Vest Charcoal, 3XL,Apparel,79
660,Stainless Bent Straw/Cleaner,Single Option Only,Clearance,2
661, NYC Campus Zip Hoodie, XS,Campus Collection,32
662, Beekeepers Onesie Pink, 24M,Apparel,14
663, LA Campus Zip Hoodie, XL,Clearance,41
664, Tee Yellow, 3XL,Clearance,9
665, Unisex Hoodie, 2XL,Apparel,26
666, Infant Hero Tee Olive, 18/24 MONTHS,Apparel,14
667, Cambridge Campus Unisex Tee, 3XL,Campus Collection,14
668, LA Campus Unisex Tee, 3XL,Clearance,14
669, Boulder Campus Unisex Tee, SM,Clearance,14
670, Icon Tee Grey, XS,Apparel,18
671, Boulder Campus Unisex Tee, XS,Clearance,14
672, Austin Campus Ladies Tee, XL,Campus Collection,14
673, Kirkland Campus Ladies Tee, LG,Clearance,14
674, PNW Campus Unisex Tee, XS,Clearance,14
675, LA Campus Zip Hoodie, SM,Clearance,32
676, Boulder Campus Lapel Pin,Single Option Only,Campus Collection,3
677, PNW Campus Ladies Tee, MD,Clearance,14
678, Mountain View Campus Ladies Tee, LG,Campus Collection,14
679, Youth Hero Tee Maroon, LG,Apparel,19
680, Navy Speckled Tee, LG,Apparel,24
681, Beekeepers Onesie Pink, 6M,Apparel,14
682, Men's Tech Fleece Vest Charcoal, XL,Apparel,63
683, LA Campus Unisex Tee, MD,Clearance,14
684, Pocket Youth Tee Navy, LG,Apparel,25
685, LA Campus Unisex Tee, XL,Clearance,14
686, Iconic Crewneck Sweatshirt, 3XL,Apparel,44
687, Pocket Tee Navy, SM,Apparel,23
688, Women's Pride Eco-Tee Black, XL,Apparel,12
689, Bottle Cleaner,Single Option Only,Drinkware,8
690, LA Campus Ladies Tee, MD,Clearance,14
691, Beekeepers Tee Mint, LG,Apparel,18
692, Pocket Youth Tee Green, LG,Apparel,25
693, Men's Tech Fleece Vest Charcoal, 2XL,Apparel,63
694, Men's Tech Fleece Grey, 3XL,Apparel,89
695, Men's Puff Jacket Black, SM,Apparel,92
696,Stan and Friends Onesie Green, 18/24 MONTHS,Apparel,14
697,Stan and Friends Tee Green, XL,Apparel,18
698, Sherpa Vest Black, MD,Apparel,63
699, SF Campus Zip Hoodie, SM,Clearance,32
700, Tudes Recycled Tee, SM,Apparel,24
701, Land & Sea Women's Eco Tee, 2XL,Apparel,20
702,Womens  Striped LS, XL,Apparel,16
703, Tudes Recycled Tee, 3XL,Apparel,24
704,Stan and Friends Tee Green, SM,Apparel,14
705, Navy Speckled Tee, XS,Apparel,24
706, Land & Sea French Terry Sweatshirt, 2XL,Shop by Brand,44
707, Pocket Tee Green, XL,Apparel,23
708, Sherpa Vest Black, XS,Apparel,63
709, Campus Bike Eco Tee Navy, 3XL,Apparel,20
710, Chicago Campus Ladies Tee, LG,Campus Collection,14
711, Land & Sea French Terry Sweatshirt, MD,Shop by Brand,44
712,Unisex  Pocket Tee Grey, MD,Apparel,16
713, Women's Ringer Tee, LG,Apparel,14
714, Boulder Campus Zip Hoodie, 2XL,Clearance,32
715, Women's Eco Tee Black, MD,Apparel,18
716, Women's Tech Fleece Vest Charcoal, XL,Apparel,44
717, Women's Microfleece Jacket Black, LG,Uncategorized Items,60
718, Raincoat Navy, SM,Apparel,96
719, Cambridge Campus Ladies Tee, LG,Campus Collection,18
720, Women's Microfleece Jacket Black, MD,Uncategorized Items,60
721, Austin Campus Zip Hoodie, XS,Campus Collection,32
722, NYC Campus Zip Hoodie, 3XL,Campus Collection,32
723, Kirkland Campus Unisex Tee, 3XL,Clearance,14
724, PNW Campus Bottle,Single Option Only,Campus Collection,11
725, Land & Sea Mug,Single Option Only,Shop by Brand,14
726, Unisex Eco Tee Black, 2XL,Uncategorized Items,18
727, Tee F/C Black, XS,Uncategorized Items,12
728, Icon Tee Charcoal, LG,Apparel,18
729, Youth FC Zip Hoodie, MD,Apparel,36
730, Cambridge Campus Unisex Tee, 2XL,Campus Collection,18
731, Mountain View Tee Red, XS,Apparel,14
732, Women's Softshell Moss, XL,Apparel,79
733, Seattle Campus Unisex Tee, SM,Clearance,14
734, PNW Campus Ladies Tee, SM,Clearance,14
735, Chicago Campus Zip Hoodie, XL,Campus Collection,32
736, Sunnyvale Campus Unisex Tee, SM,Campus Collection,14
737, Women's Pride Eco-Tee Black, LG,Apparel,12
738, Black Cloud Zip Hoodie, XS,Apparel,55
739, Women's Discovery Lt. Rain Shell, XS,Apparel,49
740, Sunnyvale Campus Zip Hoodie, MD,Campus Collection,32
741, Sunnyvale Campus Zip Hoodie, 2XL,Campus Collection,32
742, Chicago Campus Ladies Tee, SM,Campus Collection,14
743, Boulder Campus Zip Hoodie, LG,Clearance,32
744,Flamingo and Friends Tee Blue, XS,Apparel,16
745, Icon Tee Grey, 3XL,Apparel,18
746, Austin Campus Unisex Tee, XS,Campus Collection,14
747, Beekeepers Tee Mint, XL,Apparel,14
748,Gift Card - $50.00,Single Option Only,Gift Cards,50
749, Women's Grid Zip-Up, 3XL,Apparel,63
750, Boulder Campus Ladies Tee, MD,Clearance,14
751, Mountain View Campus Zip Hoodie, 2XL,Campus Collection,32
752, LA Campus Ladies Tee, LG,Clearance,14
753, LA Campus Ladies Tee, 2XL,Clearance,14
754, Youth Badge Tee Navy, XL,Apparel,17
755, Dino Game Tee, 3XL,Apparel,32
756,Unisex  Pocket Tee Grey, XS,Apparel,16
757, Pocket Youth Tee Navy, SM,Apparel,20
758, Land & Sea French Terry Sweatshirt, 2XL,Shop by Brand,55
759, Iconic Bottle Black,Single Option Only,New,24
760, Split Seam Tee Olive, 2XL,Apparel,21
761, Kirkland Campus Ladies Tee, 2XL,Clearance,14
762, Light Pen Yellow,Single Option Only,Writing Instruments,2
763, Pocket Youth Tee Green, SM,Apparel,25
764, Cambridge Campus Zip Hoodie, SM,Campus Collection,32
765, Toddler Hero Tee Black, 4T,Apparel,13
766, Puzzlebot v2,Single Option Only,Accessories,16
767, PNW Campus Ladies Tee, LG,Clearance,18
768, Dino Game Tee, MD,Apparel,32
769, PNW Campus Ladies Tee, 2XL,Clearance,18
770, Crewneck Sweatshirt Grey, SM,Uncategorized Items,44
771, PNW Campus Ladies Tee, XL,Clearance,14
772, Boulder Campus Zip Hoodie, XS,Clearance,32
773,Flamingo and Friends Tee Blue, LG,Apparel,16
774, SF Campus Ladies Tee, 2XL,Clearance,14
775, Crewneck Sweatshirt Grey, 3XL,Uncategorized Items,55
776, Women's Tech Fleece Vest Charcoal, 2XL,Apparel,55
777, Iconic Crewneck Sweatshirt, 2XL,Apparel,44
778, Tudes Recycled Tee, XS,Apparel,24
779, Pocket Tee Green, XS,Apparel,23
780,Gift Card- $100.00,Single Option Only,Gift Cards,100
781, Tee Red, 3XL,Clearance,9
782, Mountain View Campus Zip Hoodie, SM,Campus Collection,32
783, Boulder Campus Ladies Tee, 2XL,Clearance,14
784, SF Campus Zip Hoodie, XL,Clearance,41
785, Youth F/C Pullover Hoodie, LG,Apparel,32
786,Stan and Friends Tee Green, 2XL,Apparel,18
787,Flamingo and Friends Tee Blue, XL,Apparel,16
788, Pocket Tee Navy, XS,Apparel,23
789, Separating Keyring,Single Option Only,Accessories,6
790, Garden Tee Orange, 3XL,Apparel,20
791, Pocket Youth Tee Green, XL,Apparel,20
792, Pocket Tee Green, SM,Apparel,23
793, Beekeepers Youth Tee Pink, LG,Apparel,14
794, Pocket Toddler Tee White, 3T,Apparel,18
795, NYC Campus Ladies Tee, 2XL,Campus Collection,14
796, Chicago Campus Unisex Tee, SM,Campus Collection,14
797, Men's Discovery Lt. Rain Shell, 3XL,Uncategorized Items,49
798, Kirkland Campus Lapel Pin,Single Option Only,Campus Collection,3
799, Cotopaxi Shell, XXS,Apparel,38
800, Cambridge Campus Unisex Tee, SM,Campus Collection,18
801, Garden Tee Orange, XS,Apparel,16
802, Tee F/C Black, 2XL,Uncategorized Items,12
803, Heather Green Speckled Tee, XS,Apparel,24
804, Chicago Campus Unisex Tee, 3XL,Campus Collection,14
805, NYC Campus Zip Hoodie, 2XL,Campus Collection,32
806, Boulder Campus Unisex Tee, 3XL,Clearance,14
807,Unisex  Jumbo Print Tee White, XL,Apparel,12
808, Standards Zip Hoodie Black, LG,Apparel,48
809, Land & Sea French Terry Sweatshirt, SM,Shop by Brand,55
810, Chicago Campus Zip Hoodie, SM,Campus Collection,41
811, SF Campus Zip Hoodie, XS,Clearance,32
812, Raincoat Navy, 3XL,Apparel,120
813, Crewneck Sweatshirt Navy, 3XL,Apparel,55
814, Land & Sea Unisex Tee, XL,Apparel,20
815, Split Seam Tee Olive, XS,Apparel,26
816, Women's Microfleece Jacket Black, XS,Uncategorized Items,60
817, Cardboard Sculpture,Single Option Only,Accessories,14
818,Gift Card - $10.00,Single Option Only,Gift Cards,10
819, Land & Sea Unisex Tee, 3XL,Apparel,25
820, Sherpa Vest Black, 3XL,Apparel,63
821, Youth FC Zip Hoodie, LG,Apparel,36
822, Navy Speckled Tee, 3XL,Apparel,24
823, Confetti Tote White,Single Option Only,Bags,10
824, Standards Zip Hoodie Black, SM,Apparel,60
825, Standards Zip Hoodie Black, XS,Apparel,60
826, Standards Zip Hoodie Black, 3XL,Apparel,60
827, Standards Zip Hoodie Black, 2XL,Apparel,60
828, Badge Heavyweight Pullover Black,LG,Apparel,58
829,Stan and Friends Youth Tee Green,LG,Apparel,25
830, F/C Long Sleeve Tee Charcoal,LG,Apparel,30
831, Land & Sea Women's Eco Tee,MD,Apparel,25
832, F/C Long Sleeve Tee Ash,LG,Apparel,30
833, Beekeepers Tee Mint,MD,Apparel,25
834, Black Cloud Zip Hoodie,MD,Apparel,69
835, Black Cloud Zip Hoodie,,Apparel,69
836, Lightweight Crew Sweatshirt Grey,MD,Apparel,62
837, Women's Kirkland Pullover,,Apparel,63
838, Infant Charcoal Onesie,6/12 MONTHS,Apparel,25
839, Pocket Onesie White,,Apparel,22
840, Pocket Onesie Navy,,Apparel,22
841, Beekeepers Onesie Pink,,Apparel,25
842, Infant Hero Onesie Grey,,Apparel,25
843, Infant Hero Tee Olive,,Apparel,25
844, Infant Hero Onesie Grey,3/6 MONTHS,Apparel,25
845, Crew Striped Athletic Sock,,Apparel,17
846, Mural Socks,,New,15
847, Crew Combed Cotton Sock,,Apparel,17
848, Iconic Socks,,New,17
849, Crew Socks,,Apparel,16
850, Incognito Flap Pack,,Bags,75
851, Utility BackPack,,Bags,120
852, Iconic Backpack,,New,25
853, Campus Bike Mini Backpack,,Lifestyle,40
854, Incognito Zip Pack,,Bags,76
855, SF Campus Ladies Tee,,Clearance,25
856, SF Campus Bottle,,Campus Collection,20
857, SF Campus Lapel Pin,,Campus Collection,6
858, SF Campus Ladies Tee,MD,Clearance,25
859, SF Campus Zip Hoodie,,Clearance,58
860, SF Campus Unisex Tee,,Clearance,25
861, Badge Heavyweight Pullover Black,,Apparel,58
862, Land & Sea French Terry Sweatshirt,,Shop by Brand,55
863, Unisex Hoodie,,Apparel,32
864, Crewneck Sweatshirt Green,,Apparel,55
865, Crewneck Sweatshirt Green,LG,Apparel,55
866, Iconic Crewneck Sweatshirt,,Apparel,55
867, Crewneck Sweatshirt Grey,,Uncategorized Items,55
868, Crewneck Sweatshirt Navy,LG,Apparel,55
869, Crewneck Sweatshirt Grey,MD,Uncategorized Items,55
870, Austin Campus Mug,,Campus Collection,12
871, Austin Campus Tote,,Campus Collection,11
872, Austin Campus Unisex Tee,,Campus Collection,25
873, Austin Campus Zip Hoodie,XL,Campus Collection,58
874, Austin Campus Bottle,,Campus Collection,20
875, Austin Campus Ladies Tee,,Campus Collection,25
876, Austin Campus Zip Hoodie,,Campus Collection,58
877, NYC Campus Mug,,Campus Collection,12
878, NYC Campus Bottle,,Campus Collection,20
879, NYC Campus Unisex Tee,,Campus Collection,25
880, NYC Campus Ladies Tee,,Campus Collection,25
881, NYC Campus Sticker,,Campus Collection,2
882, NYC Campus Zip Hoodie,,Campus Collection,58
883, Chicago Campus Zip Hoodie,,Campus Collection,58
884, Chicago Campus Bottle,,Campus Collection,20
885, Chicago Campus Unisex Tee,,Campus Collection,25
886, Chicago Campus Mug,,Campus Collection,12
887, Chicago Campus Ladies Tee,,Campus Collection,25
888, Chicago Campus Tote,,Campus Collection,11
889, Chicago Campus Unisex Tee,MD,Campus Collection,25
890, Cambridge Campus Tote,,Campus Collection,11
891, Cambridge Campus Sticker,,Campus Collection,2
892, Cambridge Campus Mug,,Campus Collection,12
893, Cambridge Campus Bottle,,Campus Collection,20
894, Cambridge Campus Unisex Tee,,Campus Collection,25
895, Cambridge Campus Zip Hoodie,,Campus Collection,58
896, Cambridge Campus Ladies Tee,,Campus Collection,25
897, LA Campus Bottle,,Campus Collection,20
898, LA Campus Unisex Tee,,Clearance,25
899, LA Campus Tote,,Campus Collection,11
900, LA Campus Zip Hoodie,,Clearance,58
901, LA Campus Unisex Tee,LG,Clearance,25
902, LA Campus Mug,,Campus Collection,12
903, LA Campus Sticker,,Campus Collection,2
904, LA Campus Ladies Tee,,Clearance,25
905, Sunnyvale Campus Mug,,Campus Collection,12
906, Boulder Campus Mug,,Campus Collection,12
907, PNW Campus Mug,,Campus Collection,12
908, Seattle Campus Mug,,Campus Collection,12
909, Kirkland Campus Mug,,Campus Collection,12
910, Emoji Sticker Pack,,Accessories,5
911, Mural Sticker Sheet,,Small Goods,3
912,Keyboard DOT Sticker,,Office,2
913, Iconic Sticker Sheet,,New,3
914, Iconic 4&quot; Decal,,New,2
915, Large Removable Sticker Sheet,,Accessories,3
916, Small Sticker Sheet,,Accessories,3
917, Pride Sticker,,Shop by Brand,1
918, Decal,,Stationery,1
919, SM S/F18 Sticker Sheet,,Accessories,3
920,Stainless Straight Straw/Cleaner,,New,4
921, Perk Thermal Tumbler,,Lifestyle,20
922, KeepCup,,New,35
923, Play Mug,,Lifestyle,13
924, Thermal Tumbler Navy,,Drinkware,18
925, Camp Mug Ivory,,Drinkware,13
926, Mural Mug,,Drinkware,17
927, Campus Bike Corkbase Mug Blue,,Lifestyle,17
928, Iconic Mug Gray,,New,17
929,Stainless Bent Straw/Cleaner,,Clearance,4
930, Men's Tech Fleece Grey,,Apparel,89
931, Zip Hoodie F/C,,Apparel,60
932, Men's Softshell Moss,,Apparel,99
933, Men's Tech Fleece Vest Charcoal,,Apparel,79
934, Cotopaxi Shell,,Apparel,95
935, Sherpa Zip Hoodie Charcoal,,Apparel,69
936, Men's Puff Jacket Black,,Apparel,115
937, Raincoat Navy,,Apparel,120
938, Sherpa Zip Hoodie Navy,,Apparel,69
939, Standards Zip Hoodie Black,,Apparel,60
940, Men's Puff Jacket Black,LG,Apparel,115
941, Men's Tech Fleece Grey,LG,Apparel,89
942, Sherpa Zip Hoodie Charcoal,LG,Apparel,69
943, Zip Hoodie F/C,LG,Apparel,60
944, Sherpa Zip Hoodie Navy,LG,Apparel,69
945, Tudes Recycled Tee,,Apparel,30
946, Campus Bike Eco Tee Navy,,Apparel,25
947, Crewneck Sweatshirt Navy,,Apparel,55
948, F/C Long Sleeve Tee Ash,,Apparel,30
949, Icon Tee Charcoal,,Apparel,22
950, Navy Speckled Tee,,Apparel,30
951, Icon Tee Grey,,Apparel,22
952, Red Speckled Tee,,Apparel,30
953, Land & Sea Cotton Cap,,Apparel,17
954,Supernatural Paper Backpack,,Bags,58
955, Land & Sea Mug,,Shop by Brand,17
956, Mountain View Campus Unisex Tee,,Campus Collection,25
957, Blue Stojo Cup,,Shop by Brand,25
958, Land & Sea Journal Set,,New,15
959, Land & Sea Women's Eco Tee,,Apparel,25
960, Land & Sea Unisex Tee,,Apparel,25
961, Land & Sea Tote Bag,,Bags,20
962, Land & Sea Tech Taco,,Shop by Brand,4
963, Land & Sea Nalgene Water Bottle,,Drinkware,25
964, Packable Bag Black,,Bags,20
965, Camp Mug Gray,,Shop by Brand,13
966, 16 oz Tumbler Blue,,Drinkware,13
967, Large Tote White,,Bags,13
968, Red Kids Sunglasses,,Accessories,5
969, Sunglasses,,Uncategorized Items,4
970, Canteen Bottle Black,,Drinkware,24
971, Glass Bottle,,Lifestyle,23
972, Women's Favorite Tee White,,Uncategorized Items,22
973, Super Hero 3D Framed Art,,Accessories,40
974, Tee Green,,Clearance,22
975, Tee Yellow,,Clearance,22
976, Women's Striped L/S,,Apparel,29
977, Small Trace Journal Black,,Notebooks & Journals,13
978, Large Trace Journal Black,,Notebooks & Journals,16
979, Tee Yellow,XL,Clearance,22
980, Small Standard Journal Navy,,Lifestyle,13
981, Techie 3D Framed Art,,Accessories,40
982, Tee Blue,,Uncategorized Items,11
983, Cork Base Tumbler,,New,28
984, Iconic Glass Bottle Green,,Clearance,24
985, Mural Bottle,,Drinkware,24
986, Woodtop Bottle Black,,New,30
987, Water Bottle,,Drinkware,15
988, Campus Bike Bottle,,Lifestyle,27
989, Bottle Cleaner,,Drinkware,10
990, Cup Cap Tumbler Grey,,New,30
991, Women's Microfleece Jacket Black,,Uncategorized Items,75
992, Youth FC Tee Charcoal,,Apparel,25
993, Speckled Beanie Navy,,New,20
994, Toddler FC Tee Charcoal,,Apparel,25
995, Unisex T-Shirt,,Apparel,12
996, Youth FC Longsleeve Charcoal,,Apparel,30
997, Iconic Hat Green,,New,16
998,Stan and Friends Onesie Green,,Apparel,25
999, 24oz Ring Bottle Blue,,Google,7
1000, 24 oz Ring Bottle Red,,Google,7
1001, 25 oz Gear Cap Bottle Black,,Drinkware,27
1002, Recycled Pen Green,,New,2
1003,  Tumbler (Red Lid),,Lifestyle,28
1004, Jotter Task Pad,,Shop by Brand,3
1005, Recycled Pen Black,,New,2
1006,  Tumbler (Blue Lid),,Lifestyle,28
1007, Jotter Task Pad,,Shop by Brand,3
1008, Jotter Task Pad,,Shop by Brand,3
1009, Metallic Notebook Set,,Office,6
1010, Clear Pen 4-Pack,,Office,5
1011, Laptop and Cell Phone Stickers,,Google,3
1012, Pen White,,Office,2
1013, Cloud Pen,,Shop by Brand,3
1014, Light Pen Blue,,Writing Instruments,3
1015, Light Pen Red,,Writing Instruments,2
1016, Confetti Slim Task Pad,,Office,6
1017, Buoy Bottle,,Drinkware,8
1018, Aluminum Bottle Red,,Shop by Brand,8
1019, Recycled Writing Set,,Clearance,4
1020, Mesh Bag Blue,,Bags,6
1021, Campus Bike Tote Navy,,Bags,11
1022, Campus Bike Carry Pouch,,Bags,8
1023, Confetti Accessory Pouch,,Bags,12
1024, Mesh Bag Red,,Bags,6
1025, Laptop Sleeve Charcoal,,Accessories,20
1026, Incognito Messenger Bag,,Bags,75
1027, Flat Front Bag Grey,,Bags,30
1028, Utility Bag Grey,,Bags,10
1029, Unisex Joggers,SM,Shop by Brand,37
1030, Phone Stand Bamboo,,Small Goods,5
1031, Cloth & Pouch Black,,Accessories,4
1032, See-No Hear-No Set,,Electronics Accessories,12
1033, LoveHandle Black,,New,10
1034, Iconic Pin,,New,4
1035, Small Cable Organizer Blue,,Accessories,3
1036, Mouse Pad Navy,,Accessories,5
1037,Noogler  Figure,,Accessories,16
1038, Tech Taco,,New,4
1039, Split Seam Tee Olive,,Apparel,26
1040, Heathered Pom Beanie,,New,15
1041, Leather Strap Hat Black,,Apparel,17
1042, Leather Strap Hat Black,,Apparel,17
1043, Leather Strap Hat Blue,,Apparel,17
1044, Iconic Hat White,,New,16
1045, Iconic Hat Black,,Clearance,16
1046, Speckled Beanie Grey,,New,20
1047, Iconic Beanie,,New,10
1048, Keychain,,Small Goods,8
1049,White  Shoreline Bottle,,Drinkware,26
1050, Felt Luggage Tag,,Clearance,6
1051, Beekeepers Tee Mint,,Apparel,25
1052, Women's Tech Fleece Vest Charcoal,,Apparel,44
1053, Women's Grid Zip-Up,,Apparel,63
1054, Women's Puff Jacket Black,,Apparel,115
1055, Garden Tee Orange,,Apparel,29
1056, Ladies T-Shirt,,Apparel,12
1057,Stan and Friends Tee Green,,Apparel,25
1058, Heather Green Speckled Tee,,Apparel,30
1059, Light Pen Green,,Writing Instruments,3
1060, Pen Grass Green,,Stationery,2
1061, Pen Grey,,Office,2
1062, Pen Citron,,Clearance,2
1063, Stylus Pen w/ LED Light,,Office,6
1064, Pen,,Writing Instruments,17
1065, Pen Bright Blue,,Stationery,2
1066, Tee Red,,Clearance,11
1067, Tee Dark Blue,,Apparel,18
1068, Eco Tee Black,,Apparel,22
1069, Navy Speckled Tee,MD,Apparel,30
1070, Pocket Tee Navy,,Apparel,29
1071, Dino Game Tee,,Apparel,40
1072, Unisex Pride Eco-Tee Black,,Apparel,22
1073, NYC Campus Lapel Pin,,Campus Collection,6
1074, Unisex Joggers,,Shop by Brand,37
1075, Chrome Dino Light Up Water Bottle,,Shop by Brand,24
1076, Bear Baby Blanket Beige,,Shop by Brand,24
1077, Kids Playful Tee,,Google,18
1078, Transmission Journal Red,,Office,16
1079, Icon Tee Charcoal,LG,Apparel,22
1080, Iconic Play Pin,,New,8
1081, Twill Sandwich Cap Black,,Apparel,13
1082, Sustainable Pencil Pouch,,Clearance,10
1083, Hemp Tote,,Clearance,15
1084, Magnet,,Accessories,8
1085, F/C Long Sleeve Tee Charcoal,,Apparel,30
1086, Soft Modal Scarf,MD,Apparel,45
1087, Tee Green,Choose Size,Clearance,22
1088, Iconic Pen,,New,2
1089, Lumberjack Pin,,Accessories,8
1090, Sunnyvale Campus Unisex Tee,,Campus Collection,18
1091, Mural Notebook,,Office,26
1092, Large Standard Journal Grey,,Office,16
1093, Felt Refillable Journal,,Clearance,28
1094, Campus Bike Grid Task Pad,,Office,13
1095, Iconic Notebook,,New,17
1096, Recycled Notebook Set Natural,,Office,13
1097, Mural Sticky Note Pad,,Office,20
1098, Confetti Task Pad,,Office,11
1099, Youth Hero Tee Maroon,,Apparel,24
1100, Toddler Hero Tee Black,,Apparel,24
1101, Youth Hero Tee Grey,,Apparel,24
1102, Youth Badge Tee Olive,,Apparel,24
1103, Toddler Tee White,,Apparel,24
1104, Youth Badge Tee Navy,,Apparel,24
1105, Pocket Toddler Tee Navy,,Apparel,23
1106, Pocket Onesie Navy,3/6 MONTHS,Apparel,22
1107, Tee F/C Black,,Uncategorized Items,15
1108, Sunnyvale Campus Sticker,,Campus Collection,1
1109, Land & Sea French Terry Sweatshirt,MD,Shop by Brand,55
1110,Flamingo and Friends Tee Blue,,Apparel,20
1111, Tonal Tee Coral,,Uncategorized Items,11
1112, Striped Penny Pouch,,Bags,3
1113, Mountain View Campus Sticker,,Campus Collection,1
1114, ApPeel Journal Red,,New,19
1115, Journal,,Stationery,8
1116, Black Cork Journal,,New,12
1117, Campus Bike,,Accessories,40
1118, Tudes Recycled Tee,MD,Apparel,30
1119, Crew Socks,,Apparel,16
1120, Lapel Pin,,New,8
1121, Seattle Campus Sticker,,Campus Collection,2
1122, Boulder Campus Sticker,,Campus Collection,2
1123, Bellevue Campus Sticker,,Campus Collection,2
1124, PNW Campus Sticker,,Campus Collection,2
1125, Kirkland Campus Sticker,,Campus Collection,2
1126, Tee Mint Green,,Apparel,18
1127, Black Tee,,Apparel,22
1128, Mountain View Tee Blue,,Apparel,25
1129, Black Tee,3XL,Apparel,22
1130, Pocket Tee Grey,,Apparel,29
1131, Pocket Tee Green,,Apparel,29
1132, Tee Grey,,Uncategorized Items,22
1133, Tonal Tee Spearmint,,Uncategorized Items,22
1134, Women's Black Tee,,Apparel,22
1135, Women's Pride Eco-Tee Black,,Apparel,22
1136, Jumbo Print Tee White,,Apparel,29
1137, Toddler FC Tee Charcoal,Choose Size,Apparel,25
1138, Cork Card Holder,,Accessories,24
1139,Supernatural Paper Tote,,Bags,28
1140,Supernatural Paper Lunch Sack,,Eco-Friendly,24
1141, Cork Tablet Case,,Accessories,30
1142, Cork Passport Holder,,Accessories,28
1143, Cork Key Ring,,Accessories,9
1144, Cork Pencil Pouch,,New,8
1145, Tonal Tee Spearmint,XS,Uncategorized Items,22
1146, Women's Grid Zip-Up,Choose Size,Apparel,63
1147, Men's Discovery Lt. Rain Shell,LG,Uncategorized Items,88
1148, Boulder Campus Zip Hoodie,,Clearance,58
1149, Women's Discovery Lt. Rain Shell,,Apparel,88
1150, Mens Microfleece Jacket Black,,Uncategorized Items,75
1151, Mountain View Campus Zip Hoodie,LG,Campus Collection,41
1152, Mens Microfleece Jacket Black,LG,Uncategorized Items,75
1153, SF Campus Zip Hoodie,LG,Clearance,58
1154, Sunnyvale Campus Zip Hoodie,,Campus Collection,41
1155, Hipster Pin,,Accessories,6
1156, Clear Framed Yellow Shades,,Accessories,4
1157, Women's Eco Tee Black,,Apparel,22
1158, Red Speckled Tee,SM,Apparel,30
1159, Boulder Campus Ladies Tee,,Clearance,18
1160, Clear Framed Gray Shades,,Accessories,4
1161, Pen Lilac,,Stationery,2
1162, Youth Jumbo Print Tee White,,Apparel,18
1163, Lightweight Crew Sweatshirt Grey,,Apparel,62
1164, Men's Discovery Lt. Rain Shell,,Uncategorized Items,88
1165, Infant Charcoal Onesie,,Apparel,25
1166, Pen Red,,Stationery,2
1167, Toddler FC Zip Hoodie,SM,Apparel,35
1168, Puzzlebot v2,,Accessories,13
1169, Youth Badge Tee Olive,SM,Apparel,24
1170, Infant Hero Tee Olive,12/18 MONTHS,Apparel,25
1171, Pocket Toddler Tee Navy,2T,Apparel,23
1172, Icon Tee Grey,LG,Apparel,22
1173,Snowflake  Cardboard Sculpture,,Accessories,20
1174, Geek Pin,,Accessories,8
1175, Sunglasses,BLUE,Uncategorized Items,4
1176, Women's Eco Tee Black,MD,Apparel,22
1177, Sunnyvale Campus Bottle,,Campus Collection,11
1178, Sunnyvale Campus Tote,,Campus Collection,6
1179, Blue Kids Sunglasses,,Accessories,5
1180, Confetti Pen White,,Office,2
1181, Premium Sunglasses,,Accessories,20
1182, Toddler Tee White,5/6T,Apparel,24
1183, Youth Badge Tee Navy,LG,Apparel,24
1184, Youth FC Tee Charcoal,XL,Apparel,25
1185, Youth Hero Tee Grey,XL,Apparel,24
1186, Toddler Hero Tee Black,4T,Apparel,24
1187, Beekeepers Toddler Tee Pink,,Apparel,25
1188, Beekeepers Youth Tee Pink,,Apparel,25
1189,Stan and Friends Youth Tee Green,,Apparel,25
1190,Stan and Friends Toddler Tee Green,,Apparel,25
1191,Stan and Friends Tee Green,SM,Apparel,25
1192, Women's Puff Jacket Black,SM,Apparel,115
1193, Sherpa Vest Black,,Apparel,63
1194, Cork Journal,,New,9
1195, Color Block Notebook,,Stationery,12
1196,Maze Pen,,Office,1
1197,Daddy Works at  Book,,Small Goods,20
1198, Chrome Dinosaur Collectible,,Accessories,30
1199, Women's Softshell Moss,,Apparel,99
1200, Women's Tech Fleece Grey,XS,Apparel,71
1201, Women's Microfleece Jacket Black,XS,Uncategorized Items,75
1202, Women's Striped L/S,MD,Apparel,29
1203, Jumbo Print Tee White,XS,Apparel,29
1204,Stan and Friends Onesie Green,3/6 MONTHS,Apparel,25
1205, Beekeepers Onesie Pink,NEWBORN,Apparel,25
1206, Kirkland Campus Ladies Tee,SM,Clearance,25
1207, Kirkland Campus Ladies Tee,,Clearance,25
1208, Kirkland Campus Lapel Pin,,Campus Collection,6
1209, Pocket Toddler Tee White,,Apparel,23
1210, Toddler Hero Tee Olive,,Apparel,24
1211, NYC Campus Unisex Tee,LG,Campus Collection,25
1212, Lapel Pin,,Lifestyle,3
1213, Ladies T-Shirt,,Apparel,12
1214, Campus Bike Eco Tee Navy,XS,Apparel,25
1215, Youth F/C Pullover Hoodie,,Apparel,40
1216, Pocket Youth Tee Navy,,Apparel,25
1217, Pocket Youth Tee Green,,Apparel,25
1218, Youth FC Zip Hoodie,,Apparel,45
1219, Bot (Multicolored),,Lifestyle,10
1220, Mountain View Campus Ladies Tee,,Campus Collection,25
1221, Sunnyvale Campus Ladies Tee,,Campus Collection,25
1222, Mini Kick Ball,,Fun,2
1223, Knit Blanket,,Lifestyle,88
1224, Iconic Crewneck Sweatshirt,XS,Apparel,55
1225, Toddler FC Zip Hoodie,,Apparel,35
1226, Heather Green Speckled Tee,SM,Apparel,30
1227, Pen Neon Coral,,Stationery,2
1228, Split Seam Tee Olive,LG,Apparel,26
1229, Land & Sea Unisex Tee,LG,Apparel,25
1230, Eco Tee Black,LG,Apparel,22
1231, Standards Zip Hoodie Black,XL,Apparel,60
1232, Dino Game Tee,MD,Apparel,40
1233, Mountain View Tee Red,,Apparel,14
1234, Unisex T-Shirt,XL,Apparel,12
1235, Toddler Hero Tee Olive,3T,Apparel,24
1236, Incognito Techpack V2,,Bags,88
1237, Tee Blue,XL,Uncategorized Items,22
1238, Women's Discovery Lt. Rain Shell,LG,Apparel,88
1239, PNW Campus Zip Hoodie,,Clearance,32
1240, Unisex Pride Eco-Tee Black,LG,Apparel,22
1241, Cambridge Campus Unisex Tee,LG,Campus Collection,25
1242, Cambridge Campus Zip Hoodie,LG,Campus Collection,58
1243, Seattle Campus Lapel Pin,,Campus Collection,6
1244, Seattle Campus Ladies Tee,,Clearance,25
1245, SF Campus Tote,,Campus Collection,11
1246, SF Campus Unisex Tee,2XL,Clearance,25
1247, Sunnyvale Campus Unisex Tee,XL,Campus Collection,25
1248, Boulder Campus Tote,,Campus Collection,11
1249, Boulder Campus Bottle,,Campus Collection,20
1250, Boulder Campus Unisex Tee,,Clearance,25
1251, PNW Campus Unisex Tee,,Clearance,25
1252, PNW Campus Tote,,Campus Collection,11
1253, PNW Campus Lapel Pin,,Campus Collection,6
1254, PNW Campus Bottle,,Campus Collection,20
1255, PNW Campus Unisex Tee,MD,Clearance,25
1256, PNW Campus Ladies Tee,,Clearance,25
1257,Essential Canvas Tote,,New,32
1258, Color Block Tote White,,Bags,13
1259, Iconic Bottle Black,,New,24
1260, Women's Ringer Tee,,Apparel,14
1261, Women's Short Sleeve Hero Dark Grey,LG,Apparel,19
1262, Women's Short Sleeve Hero Dark Grey,,Apparel,19
1263, Clear Framed Blue Shades,,Accessories,4
1264, Large White Gift Bag 5/PK,,New,12
1265, Small White Gift Bag 5/PK,,New,8
1266, Tote,,Bags,8
1267, Austin Campus Lapel Pin,,Campus Collection,3
1268, Seattle Campus Unisex Tee,,Clearance,18
1269, Women's Tech Fleece Vest Charcoal,2XL,Apparel,79
1270, Felt Strap Keyring,,New,12
1271, Utensil Set,,New,15
1272, Garden Tee Orange,LG,Apparel,29
1273,Flamingo and Friends Tee Blue,XL,Apparel,29
1274, Confetti Tote White,,Bags,13
1275, Blue YoYo,,New,3
1276, Frisbee,,Shop by Brand,1
1277, Tee Red,LG,Clearance,22
1278, Red YoYo,,New,4
1279, Yellow YoYo,,New,4
1280, LA Campus Lapel Pin,,Campus Collection,4
1281, Twill Cap Charcoal,,Apparel,13
1282, Flex Journal White,,Office,2
1283, Women's Ringer Tee,LG,Apparel,25
1284, Women's Favorite Tee White,LG,Uncategorized Items,22
1285, Chicago Campus Zip Hoodie,XL,Campus Collection,58
1286, Boulder Campus Zip Hoodie,LG,Clearance,58
1287, Tee F/C Black,XL,Uncategorized Items,22
1288, Youth F/C Pullover Hoodie,MD,Apparel,40
1289, Women's Kirkland Pullover,XS,Apparel,63
1290, Mountain View Campus Unisex Tee,XL,Campus Collection,25
1291, Unisex Hoodie,MD,Apparel,32
1292, NYC Campus Zip Hoodie,MD,Campus Collection,58
1293, Austin Campus Unisex Tee,XS,Campus Collection,25
1294, Boulder Campus Lapel Pin,,Campus Collection,6
1295, Cotopaxi Shell,MD,Apparel,95
1296, Pocket Youth Tee Navy,SM,Apparel,25
1297, Youth FC Longsleeve Charcoal,SM,Apparel,30
1298, Pocket Youth Tee Green,SM,Apparel,25
1299, Youth FC Zip Hoodie,SM,Apparel,45
1300, Mural Tote,,Bags,18
1301, Seaport Tote,MD,New,60
1302, Pocket Tee Grey,XL,Apparel,29
1303, Bot,,Accessories,10
1304,Mural Food Container,,Lifestyle,41
1305, Kirkland Campus Unisex Tee,,Clearance,18
1306, Emoji Magnet Set,,Small Goods,8
1307, Totepak,,New,24
1308, Medium Pet Leash (Red/Yellow),,Accessories,35
1309, Incognito Laptop Organizer,,Bags,56
1310, Incognito Dopp Kit V2,,Bags,48
1311,Mommy Works at  Book,,Small Goods,20
1312, Large Pet Collar (Red/Yellow),,Accessories,35
1313, Maps Pin,,New,7
1314, Large Pet Leash (Blue/Green),,Accessories,35
1315, Tee Dark Blue,SM,Apparel,25
1316, Tonal Tee Coral,MD,Uncategorized Items,22
1317, Mountain View Campus Zip Hoodie,XS,Campus Collection,58
1318, LA Campus Ladies Tee,SM,Clearance,25
1319, Medium Pet Leash (Blue/Green),,Accessories,35
1320, Tee Grey,2XL,Uncategorized Items,22
1321, Youth Hero Tee Maroon,SM,Apparel,24
1322, Medium Pet Collar (Blue/Green),,Accessories,35
1323, Medium Pet Collar (Red/Yellow),,Accessories,35
1324, Cambridge Campus Ladies Tee,MD,Campus Collection,25
1325, Seattle Campus Unisex Tee,MD,Clearance,25
1326, Seattle Campus Ladies Tee,MD,Clearance,25
1327, Austin Campus Ladies Tee,LG,Campus Collection,25
1328, Pocket Tee Navy,LG,Apparel,29
1329, Large Pet Leash (Red/Yellow),,Accessories,28
1330, Tee Mint Green,XL,Apparel,25
1331, Youth Jumbo Print Tee White,LG,Apparel,25
1332, Women's Black Tee,XL,Apparel,22
1333, Women's Pride Eco-Tee Black,XL,Apparel,22
1334, NYC Campus Ladies Tee,LG,Campus Collection,25
1335, Sunnyvale Campus Zip Hoodie,LG,Campus Collection,58
1336, PNW Campus Zip Hoodie,LG,Clearance,58
1337, Men's Tech Fleece Vest Charcoal,MD,Apparel,79
1338, Sherpa Vest Black,MD,Apparel,79
1339, Chicago Campus Lapel Pin,,Campus Collection,6
1340, Kids Playful Tee,XL,Google,25
1341,BLM Unisex Pullover Hoodie,MD,Black Lives Matter,58
1342, Cambridge Campus Lapel Pin,,Campus Collection,6
1343, PNW Campus Ladies Tee,XL,Clearance,25
1344, Women's Tech Fleece Grey,MD,Apparel,89
1345, Raincoat Navy,MD,Apparel,120
1346, Large Pet Collar (Blue/Green),,Accessories,28
1347,Stan and Friends Toddler Tee Green,3T,Apparel,25
1348, Land & Sea French Terry Sweatshirt,,Shop by Brand,55
1349, LA Campus Zip Hoodie,XL,Clearance,58
1350, Land & Sea Mug,,Shop by Brand,17
1351,Candy Cane  Cardboard Sculpture,,Accessories,20
1352, Light Pen Yellow,,Writing Instruments,3
1353, Land & Sea French Terry Sweatshirt,No options available,Shop by Brand,55
1354, Land & Sea Unisex Tee,,Apparel,25
1355, Cardboard Sculpture,,Accessories,14
1356, Chicago Campus Ladies Tee,LG,Campus Collection,25
1357, Women's Softshell Moss,Choose Size,Apparel,99
1358, Kirkland Campus Unisex Tee,3XL,Clearance,25
1359, Sunnyvale Campus Ladies Tee,MD,Campus Collection,25
1360, Boulder Campus Unisex Tee,LG,Clearance,25
1361, Men's Softshell Moss,LG,Apparel,99
1362, Mountain View Campus Ladies Tee,XL,Campus Collection,25
1363, Color Block Tote White,,Bags,13
1364, Pocket Tee Green,SM,Apparel,29
1365, Beekeepers Youth Tee Pink,LG,Apparel,25
1366, Mountain View Tee Blue,XL,Apparel,25
1367, Beekeepers Toddler Tee Pink,2T,Apparel,25
1368,Gift Card - $50.00,,Gift Cards,63
1369,Gift Card - $25.00,,Gift Cards,31
1370,Gift Card - $10.00,,Gift Cards,13
1371,Gift Card - $250.00,,Gift Cards,313
1372, Land & Sea Unisex Tee,No options available,Apparel,25
1373, 5K Run 2020 Unisex Tee,MD,Apparel,22
1374, Charcoal Unisex Badge Tee,,Shop by Brand,21
1375, Grey Women's Tee,,Shop by Brand,21
1376, Tritan Bottle Gray,,Shop by Brand,12
1377,White  Cloud Tumbler,,Shop by Brand,27
1378, Separating Keyring,,Accessories,6
1379, Mountain View Campus Bottle,,Apparel,14
1380, Boulder Campus Ladies Tee,LG,Clearance,25
